date,video,video_title,views
2019-07-01,BFrBr8oUVXU,"Quantum Reality: Space, Time, and Entanglement",1429
2019-07-02,BFrBr8oUVXU,"Quantum Reality: Space, Time, and Entanglement",1528
2019-07-03,BFrBr8oUVXU,"Quantum Reality: Space, Time, and Entanglement",1461
2019-07-04,BFrBr8oUVXU,"Quantum Reality: Space, Time, and Entanglement",1435
2019-07-05,BFrBr8oUVXU,"Quantum Reality: Space, Time, and Entanglement",1546
2019-07-06,BFrBr8oUVXU,"Quantum Reality: Space, Time, and Entanglement",1716
2019-07-07,BFrBr8oUVXU,"Quantum Reality: Space, Time, and Entanglement",1882
2019-07-08,BFrBr8oUVXU,"Quantum Reality: Space, Time, and Entanglement",1766
2019-07-09,BFrBr8oUVXU,"Quantum Reality: Space, Time, and Entanglement",1724
2019-07-10,BFrBr8oUVXU,"Quantum Reality: Space, Time, and Entanglement",1770
2019-07-11,BFrBr8oUVXU,"Quantum Reality: Space, Time, and Entanglement",1724
2019-07-12,BFrBr8oUVXU,"Quantum Reality: Space, Time, and Entanglement",1615
2019-07-13,BFrBr8oUVXU,"Quantum Reality: Space, Time, and Entanglement",1840
2019-07-14,BFrBr8oUVXU,"Quantum Reality: Space, Time, and Entanglement",1974
2019-07-15,BFrBr8oUVXU,"Quantum Reality: Space, Time, and Entanglement",1957
2019-07-16,BFrBr8oUVXU,"Quantum Reality: Space, Time, and Entanglement",1890
2019-07-17,BFrBr8oUVXU,"Quantum Reality: Space, Time, and Entanglement",2182
2019-07-18,BFrBr8oUVXU,"Quantum Reality: Space, Time, and Entanglement",2353
2019-07-19,BFrBr8oUVXU,"Quantum Reality: Space, Time, and Entanglement",2538
2019-07-20,BFrBr8oUVXU,"Quantum Reality: Space, Time, and Entanglement",2365
2019-07-21,BFrBr8oUVXU,"Quantum Reality: Space, Time, and Entanglement",2406
2019-07-22,BFrBr8oUVXU,"Quantum Reality: Space, Time, and Entanglement",2081
2019-07-23,BFrBr8oUVXU,"Quantum Reality: Space, Time, and Entanglement",2116
2019-07-24,BFrBr8oUVXU,"Quantum Reality: Space, Time, and Entanglement",1952
2019-07-25,BFrBr8oUVXU,"Quantum Reality: Space, Time, and Entanglement",1734
2019-07-26,BFrBr8oUVXU,"Quantum Reality: Space, Time, and Entanglement",1512
2019-07-27,BFrBr8oUVXU,"Quantum Reality: Space, Time, and Entanglement",1659
2019-07-28,BFrBr8oUVXU,"Quantum Reality: Space, Time, and Entanglement",2004
2019-07-29,BFrBr8oUVXU,"Quantum Reality: Space, Time, and Entanglement",1765
2019-07-30,BFrBr8oUVXU,"Quantum Reality: Space, Time, and Entanglement",1901
2019-07-31,BFrBr8oUVXU,"Quantum Reality: Space, Time, and Entanglement",2091
2019-08-01,BFrBr8oUVXU,"Quantum Reality: Space, Time, and Entanglement",2038
2019-08-02,BFrBr8oUVXU,"Quantum Reality: Space, Time, and Entanglement",1850
2019-08-03,BFrBr8oUVXU,"Quantum Reality: Space, Time, and Entanglement",2275
2019-08-04,BFrBr8oUVXU,"Quantum Reality: Space, Time, and Entanglement",2382
2019-08-05,BFrBr8oUVXU,"Quantum Reality: Space, Time, and Entanglement",2417
2019-08-06,BFrBr8oUVXU,"Quantum Reality: Space, Time, and Entanglement",2482
2019-08-07,BFrBr8oUVXU,"Quantum Reality: Space, Time, and Entanglement",2265
2019-08-08,BFrBr8oUVXU,"Quantum Reality: Space, Time, and Entanglement",1936
2019-08-09,BFrBr8oUVXU,"Quantum Reality: Space, Time, and Entanglement",1809
2019-08-10,BFrBr8oUVXU,"Quantum Reality: Space, Time, and Entanglement",1673
2019-08-11,BFrBr8oUVXU,"Quantum Reality: Space, Time, and Entanglement",2000
2019-08-12,BFrBr8oUVXU,"Quantum Reality: Space, Time, and Entanglement",1789
2019-08-13,BFrBr8oUVXU,"Quantum Reality: Space, Time, and Entanglement",1634
2019-08-14,BFrBr8oUVXU,"Quantum Reality: Space, Time, and Entanglement",1523
2019-08-15,BFrBr8oUVXU,"Quantum Reality: Space, Time, and Entanglement",1477
2019-08-16,BFrBr8oUVXU,"Quantum Reality: Space, Time, and Entanglement",1510
2019-08-17,BFrBr8oUVXU,"Quantum Reality: Space, Time, and Entanglement",1507
2019-08-18,BFrBr8oUVXU,"Quantum Reality: Space, Time, and Entanglement",1693
2019-08-19,BFrBr8oUVXU,"Quantum Reality: Space, Time, and Entanglement",1812
2019-08-20,BFrBr8oUVXU,"Quantum Reality: Space, Time, and Entanglement",1834
2019-08-21,BFrBr8oUVXU,"Quantum Reality: Space, Time, and Entanglement",1870
2019-08-22,BFrBr8oUVXU,"Quantum Reality: Space, Time, and Entanglement",1785
2019-08-23,BFrBr8oUVXU,"Quantum Reality: Space, Time, and Entanglement",1664
2019-08-24,BFrBr8oUVXU,"Quantum Reality: Space, Time, and Entanglement",1823
2019-08-25,BFrBr8oUVXU,"Quantum Reality: Space, Time, and Entanglement",2021
2019-08-26,BFrBr8oUVXU,"Quantum Reality: Space, Time, and Entanglement",1990
2019-08-27,BFrBr8oUVXU,"Quantum Reality: Space, Time, and Entanglement",1851
2019-08-28,BFrBr8oUVXU,"Quantum Reality: Space, Time, and Entanglement",1938
2019-08-29,BFrBr8oUVXU,"Quantum Reality: Space, Time, and Entanglement",1778
2019-08-30,BFrBr8oUVXU,"Quantum Reality: Space, Time, and Entanglement",1657
2019-08-31,BFrBr8oUVXU,"Quantum Reality: Space, Time, and Entanglement",1609
2019-07-01,GdqC2bVLesQ,Measure for Measure: Quantum Physics and Reality,1079
2019-07-02,GdqC2bVLesQ,Measure for Measure: Quantum Physics and Reality,1095
2019-07-03,GdqC2bVLesQ,Measure for Measure: Quantum Physics and Reality,1281
2019-07-04,GdqC2bVLesQ,Measure for Measure: Quantum Physics and Reality,1309
2019-07-05,GdqC2bVLesQ,Measure for Measure: Quantum Physics and Reality,1418
2019-07-06,GdqC2bVLesQ,Measure for Measure: Quantum Physics and Reality,1398
2019-07-07,GdqC2bVLesQ,Measure for Measure: Quantum Physics and Reality,1600
2019-07-08,GdqC2bVLesQ,Measure for Measure: Quantum Physics and Reality,1343
2019-07-09,GdqC2bVLesQ,Measure for Measure: Quantum Physics and Reality,1191
2019-07-10,GdqC2bVLesQ,Measure for Measure: Quantum Physics and Reality,1170
2019-07-11,GdqC2bVLesQ,Measure for Measure: Quantum Physics and Reality,1053
2019-07-12,GdqC2bVLesQ,Measure for Measure: Quantum Physics and Reality,843
2019-07-13,GdqC2bVLesQ,Measure for Measure: Quantum Physics and Reality,850
2019-07-14,GdqC2bVLesQ,Measure for Measure: Quantum Physics and Reality,903
2019-07-15,GdqC2bVLesQ,Measure for Measure: Quantum Physics and Reality,843
2019-07-16,GdqC2bVLesQ,Measure for Measure: Quantum Physics and Reality,969
2019-07-17,GdqC2bVLesQ,Measure for Measure: Quantum Physics and Reality,915
2019-07-18,GdqC2bVLesQ,Measure for Measure: Quantum Physics and Reality,941
2019-07-19,GdqC2bVLesQ,Measure for Measure: Quantum Physics and Reality,903
2019-07-20,GdqC2bVLesQ,Measure for Measure: Quantum Physics and Reality,855
2019-07-21,GdqC2bVLesQ,Measure for Measure: Quantum Physics and Reality,893
2019-07-22,GdqC2bVLesQ,Measure for Measure: Quantum Physics and Reality,941
2019-07-23,GdqC2bVLesQ,Measure for Measure: Quantum Physics and Reality,789
2019-07-24,GdqC2bVLesQ,Measure for Measure: Quantum Physics and Reality,796
2019-07-25,GdqC2bVLesQ,Measure for Measure: Quantum Physics and Reality,740
2019-07-26,GdqC2bVLesQ,Measure for Measure: Quantum Physics and Reality,758
2019-07-27,GdqC2bVLesQ,Measure for Measure: Quantum Physics and Reality,881
2019-07-28,GdqC2bVLesQ,Measure for Measure: Quantum Physics and Reality,1093
2019-07-29,GdqC2bVLesQ,Measure for Measure: Quantum Physics and Reality,1002
2019-07-30,GdqC2bVLesQ,Measure for Measure: Quantum Physics and Reality,934
2019-07-31,GdqC2bVLesQ,Measure for Measure: Quantum Physics and Reality,1012
2019-08-01,GdqC2bVLesQ,Measure for Measure: Quantum Physics and Reality,1205
2019-08-02,GdqC2bVLesQ,Measure for Measure: Quantum Physics and Reality,1209
2019-08-03,GdqC2bVLesQ,Measure for Measure: Quantum Physics and Reality,1247
2019-08-04,GdqC2bVLesQ,Measure for Measure: Quantum Physics and Reality,1358
2019-08-05,GdqC2bVLesQ,Measure for Measure: Quantum Physics and Reality,1389
2019-08-06,GdqC2bVLesQ,Measure for Measure: Quantum Physics and Reality,1544
2019-08-07,GdqC2bVLesQ,Measure for Measure: Quantum Physics and Reality,1560
2019-08-08,GdqC2bVLesQ,Measure for Measure: Quantum Physics and Reality,1543
2019-08-09,GdqC2bVLesQ,Measure for Measure: Quantum Physics and Reality,1396
2019-08-10,GdqC2bVLesQ,Measure for Measure: Quantum Physics and Reality,1360
2019-08-11,GdqC2bVLesQ,Measure for Measure: Quantum Physics and Reality,1633
2019-08-12,GdqC2bVLesQ,Measure for Measure: Quantum Physics and Reality,1476
2019-08-13,GdqC2bVLesQ,Measure for Measure: Quantum Physics and Reality,1460
2019-08-14,GdqC2bVLesQ,Measure for Measure: Quantum Physics and Reality,1484
2019-08-15,GdqC2bVLesQ,Measure for Measure: Quantum Physics and Reality,1679
2019-08-16,GdqC2bVLesQ,Measure for Measure: Quantum Physics and Reality,1442
2019-08-17,GdqC2bVLesQ,Measure for Measure: Quantum Physics and Reality,1415
2019-08-18,GdqC2bVLesQ,Measure for Measure: Quantum Physics and Reality,1558
2019-08-19,GdqC2bVLesQ,Measure for Measure: Quantum Physics and Reality,1207
2019-08-20,GdqC2bVLesQ,Measure for Measure: Quantum Physics and Reality,1050
2019-08-21,GdqC2bVLesQ,Measure for Measure: Quantum Physics and Reality,951
2019-08-22,GdqC2bVLesQ,Measure for Measure: Quantum Physics and Reality,1158
2019-08-23,GdqC2bVLesQ,Measure for Measure: Quantum Physics and Reality,1194
2019-08-24,GdqC2bVLesQ,Measure for Measure: Quantum Physics and Reality,1236
2019-08-25,GdqC2bVLesQ,Measure for Measure: Quantum Physics and Reality,1378
2019-08-26,GdqC2bVLesQ,Measure for Measure: Quantum Physics and Reality,1401
2019-08-27,GdqC2bVLesQ,Measure for Measure: Quantum Physics and Reality,1352
2019-08-28,GdqC2bVLesQ,Measure for Measure: Quantum Physics and Reality,1156
2019-08-29,GdqC2bVLesQ,Measure for Measure: Quantum Physics and Reality,1139
2019-08-30,GdqC2bVLesQ,Measure for Measure: Quantum Physics and Reality,1153
2019-08-31,GdqC2bVLesQ,Measure for Measure: Quantum Physics and Reality,1113
2019-07-01,IHc5Zt7qT6o,"Will Self-Taught, A.I. Powered Robots Be the End of Us?",1521
2019-07-02,IHc5Zt7qT6o,"Will Self-Taught, A.I. Powered Robots Be the End of Us?",1544
2019-07-03,IHc5Zt7qT6o,"Will Self-Taught, A.I. Powered Robots Be the End of Us?",1389
2019-07-04,IHc5Zt7qT6o,"Will Self-Taught, A.I. Powered Robots Be the End of Us?",1499
2019-07-05,IHc5Zt7qT6o,"Will Self-Taught, A.I. Powered Robots Be the End of Us?",2059
2019-07-06,IHc5Zt7qT6o,"Will Self-Taught, A.I. Powered Robots Be the End of Us?",2141
2019-07-07,IHc5Zt7qT6o,"Will Self-Taught, A.I. Powered Robots Be the End of Us?",2325
2019-07-08,IHc5Zt7qT6o,"Will Self-Taught, A.I. Powered Robots Be the End of Us?",2013
2019-07-09,IHc5Zt7qT6o,"Will Self-Taught, A.I. Powered Robots Be the End of Us?",1983
2019-07-10,IHc5Zt7qT6o,"Will Self-Taught, A.I. Powered Robots Be the End of Us?",1923
2019-07-11,IHc5Zt7qT6o,"Will Self-Taught, A.I. Powered Robots Be the End of Us?",1643
2019-07-12,IHc5Zt7qT6o,"Will Self-Taught, A.I. Powered Robots Be the End of Us?",1406
2019-07-13,IHc5Zt7qT6o,"Will Self-Taught, A.I. Powered Robots Be the End of Us?",1563
2019-07-14,IHc5Zt7qT6o,"Will Self-Taught, A.I. Powered Robots Be the End of Us?",1513
2019-07-15,IHc5Zt7qT6o,"Will Self-Taught, A.I. Powered Robots Be the End of Us?",1318
2019-07-16,IHc5Zt7qT6o,"Will Self-Taught, A.I. Powered Robots Be the End of Us?",1681
2019-07-17,IHc5Zt7qT6o,"Will Self-Taught, A.I. Powered Robots Be the End of Us?",1936
2019-07-18,IHc5Zt7qT6o,"Will Self-Taught, A.I. Powered Robots Be the End of Us?",2054
2019-07-19,IHc5Zt7qT6o,"Will Self-Taught, A.I. Powered Robots Be the End of Us?",1890
2019-07-20,IHc5Zt7qT6o,"Will Self-Taught, A.I. Powered Robots Be the End of Us?",2136
2019-07-21,IHc5Zt7qT6o,"Will Self-Taught, A.I. Powered Robots Be the End of Us?",2325
2019-07-22,IHc5Zt7qT6o,"Will Self-Taught, A.I. Powered Robots Be the End of Us?",2598
2019-07-23,IHc5Zt7qT6o,"Will Self-Taught, A.I. Powered Robots Be the End of Us?",2137
2019-07-24,IHc5Zt7qT6o,"Will Self-Taught, A.I. Powered Robots Be the End of Us?",2220
2019-07-25,IHc5Zt7qT6o,"Will Self-Taught, A.I. Powered Robots Be the End of Us?",2131
2019-07-26,IHc5Zt7qT6o,"Will Self-Taught, A.I. Powered Robots Be the End of Us?",2183
2019-07-27,IHc5Zt7qT6o,"Will Self-Taught, A.I. Powered Robots Be the End of Us?",2445
2019-07-28,IHc5Zt7qT6o,"Will Self-Taught, A.I. Powered Robots Be the End of Us?",2795
2019-07-29,IHc5Zt7qT6o,"Will Self-Taught, A.I. Powered Robots Be the End of Us?",2521
2019-07-30,IHc5Zt7qT6o,"Will Self-Taught, A.I. Powered Robots Be the End of Us?",2682
2019-07-31,IHc5Zt7qT6o,"Will Self-Taught, A.I. Powered Robots Be the End of Us?",3261
2019-08-01,IHc5Zt7qT6o,"Will Self-Taught, A.I. Powered Robots Be the End of Us?",3148
2019-08-02,IHc5Zt7qT6o,"Will Self-Taught, A.I. Powered Robots Be the End of Us?",2891
2019-08-03,IHc5Zt7qT6o,"Will Self-Taught, A.I. Powered Robots Be the End of Us?",2601
2019-08-04,IHc5Zt7qT6o,"Will Self-Taught, A.I. Powered Robots Be the End of Us?",2727
2019-08-05,IHc5Zt7qT6o,"Will Self-Taught, A.I. Powered Robots Be the End of Us?",2551
2019-08-06,IHc5Zt7qT6o,"Will Self-Taught, A.I. Powered Robots Be the End of Us?",2324
2019-08-07,IHc5Zt7qT6o,"Will Self-Taught, A.I. Powered Robots Be the End of Us?",2088
2019-08-08,IHc5Zt7qT6o,"Will Self-Taught, A.I. Powered Robots Be the End of Us?",2115
2019-08-09,IHc5Zt7qT6o,"Will Self-Taught, A.I. Powered Robots Be the End of Us?",2170
2019-08-10,IHc5Zt7qT6o,"Will Self-Taught, A.I. Powered Robots Be the End of Us?",2421
2019-08-11,IHc5Zt7qT6o,"Will Self-Taught, A.I. Powered Robots Be the End of Us?",2737
2019-08-12,IHc5Zt7qT6o,"Will Self-Taught, A.I. Powered Robots Be the End of Us?",2168
2019-08-13,IHc5Zt7qT6o,"Will Self-Taught, A.I. Powered Robots Be the End of Us?",2005
2019-08-14,IHc5Zt7qT6o,"Will Self-Taught, A.I. Powered Robots Be the End of Us?",2062
2019-08-15,IHc5Zt7qT6o,"Will Self-Taught, A.I. Powered Robots Be the End of Us?",1875
2019-08-16,IHc5Zt7qT6o,"Will Self-Taught, A.I. Powered Robots Be the End of Us?",1847
2019-08-17,IHc5Zt7qT6o,"Will Self-Taught, A.I. Powered Robots Be the End of Us?",1916
2019-08-18,IHc5Zt7qT6o,"Will Self-Taught, A.I. Powered Robots Be the End of Us?",2110
2019-08-19,IHc5Zt7qT6o,"Will Self-Taught, A.I. Powered Robots Be the End of Us?",1955
2019-08-20,IHc5Zt7qT6o,"Will Self-Taught, A.I. Powered Robots Be the End of Us?",1557
2019-08-21,IHc5Zt7qT6o,"Will Self-Taught, A.I. Powered Robots Be the End of Us?",1378
2019-08-22,IHc5Zt7qT6o,"Will Self-Taught, A.I. Powered Robots Be the End of Us?",1026
2019-08-23,IHc5Zt7qT6o,"Will Self-Taught, A.I. Powered Robots Be the End of Us?",1011
2019-08-24,IHc5Zt7qT6o,"Will Self-Taught, A.I. Powered Robots Be the End of Us?",985
2019-08-25,IHc5Zt7qT6o,"Will Self-Taught, A.I. Powered Robots Be the End of Us?",1305
2019-08-26,IHc5Zt7qT6o,"Will Self-Taught, A.I. Powered Robots Be the End of Us?",1384
2019-08-27,IHc5Zt7qT6o,"Will Self-Taught, A.I. Powered Robots Be the End of Us?",1480
2019-08-28,IHc5Zt7qT6o,"Will Self-Taught, A.I. Powered Robots Be the End of Us?",1486
2019-08-29,IHc5Zt7qT6o,"Will Self-Taught, A.I. Powered Robots Be the End of Us?",1569
2019-08-30,IHc5Zt7qT6o,"Will Self-Taught, A.I. Powered Robots Be the End of Us?",1885
2019-08-31,IHc5Zt7qT6o,"Will Self-Taught, A.I. Powered Robots Be the End of Us?",1659
2019-07-01,YSWd21z2qqE,Loose Ends: String Theory and the Quest for the Ultimate Theory,0
2019-07-02,YSWd21z2qqE,Loose Ends: String Theory and the Quest for the Ultimate Theory,0
2019-07-03,YSWd21z2qqE,Loose Ends: String Theory and the Quest for the Ultimate Theory,0
2019-07-04,YSWd21z2qqE,Loose Ends: String Theory and the Quest for the Ultimate Theory,0
2019-07-05,YSWd21z2qqE,Loose Ends: String Theory and the Quest for the Ultimate Theory,0
2019-07-06,YSWd21z2qqE,Loose Ends: String Theory and the Quest for the Ultimate Theory,0
2019-07-07,YSWd21z2qqE,Loose Ends: String Theory and the Quest for the Ultimate Theory,0
2019-07-08,YSWd21z2qqE,Loose Ends: String Theory and the Quest for the Ultimate Theory,0
2019-07-09,YSWd21z2qqE,Loose Ends: String Theory and the Quest for the Ultimate Theory,0
2019-07-10,YSWd21z2qqE,Loose Ends: String Theory and the Quest for the Ultimate Theory,0
2019-07-11,YSWd21z2qqE,Loose Ends: String Theory and the Quest for the Ultimate Theory,0
2019-07-12,YSWd21z2qqE,Loose Ends: String Theory and the Quest for the Ultimate Theory,0
2019-07-13,YSWd21z2qqE,Loose Ends: String Theory and the Quest for the Ultimate Theory,0
2019-07-14,YSWd21z2qqE,Loose Ends: String Theory and the Quest for the Ultimate Theory,0
2019-07-15,YSWd21z2qqE,Loose Ends: String Theory and the Quest for the Ultimate Theory,0
2019-07-16,YSWd21z2qqE,Loose Ends: String Theory and the Quest for the Ultimate Theory,0
2019-07-17,YSWd21z2qqE,Loose Ends: String Theory and the Quest for the Ultimate Theory,0
2019-07-18,YSWd21z2qqE,Loose Ends: String Theory and the Quest for the Ultimate Theory,0
2019-07-19,YSWd21z2qqE,Loose Ends: String Theory and the Quest for the Ultimate Theory,0
2019-07-20,YSWd21z2qqE,Loose Ends: String Theory and the Quest for the Ultimate Theory,0
2019-07-21,YSWd21z2qqE,Loose Ends: String Theory and the Quest for the Ultimate Theory,0
2019-07-22,YSWd21z2qqE,Loose Ends: String Theory and the Quest for the Ultimate Theory,2
2019-07-23,YSWd21z2qqE,Loose Ends: String Theory and the Quest for the Ultimate Theory,3
2019-07-24,YSWd21z2qqE,Loose Ends: String Theory and the Quest for the Ultimate Theory,1
2019-07-25,YSWd21z2qqE,Loose Ends: String Theory and the Quest for the Ultimate Theory,2
2019-07-26,YSWd21z2qqE,Loose Ends: String Theory and the Quest for the Ultimate Theory,0
2019-07-27,YSWd21z2qqE,Loose Ends: String Theory and the Quest for the Ultimate Theory,0
2019-07-28,YSWd21z2qqE,Loose Ends: String Theory and the Quest for the Ultimate Theory,0
2019-07-29,YSWd21z2qqE,Loose Ends: String Theory and the Quest for the Ultimate Theory,0
2019-07-30,YSWd21z2qqE,Loose Ends: String Theory and the Quest for the Ultimate Theory,0
2019-07-31,YSWd21z2qqE,Loose Ends: String Theory and the Quest for the Ultimate Theory,0
2019-08-01,YSWd21z2qqE,Loose Ends: String Theory and the Quest for the Ultimate Theory,0
2019-08-02,YSWd21z2qqE,Loose Ends: String Theory and the Quest for the Ultimate Theory,12415
2019-08-03,YSWd21z2qqE,Loose Ends: String Theory and the Quest for the Ultimate Theory,32304
2019-08-04,YSWd21z2qqE,Loose Ends: String Theory and the Quest for the Ultimate Theory,34257
2019-08-05,YSWd21z2qqE,Loose Ends: String Theory and the Quest for the Ultimate Theory,16969
2019-08-06,YSWd21z2qqE,Loose Ends: String Theory and the Quest for the Ultimate Theory,10402
2019-08-07,YSWd21z2qqE,Loose Ends: String Theory and the Quest for the Ultimate Theory,8498
2019-08-08,YSWd21z2qqE,Loose Ends: String Theory and the Quest for the Ultimate Theory,6924
2019-08-09,YSWd21z2qqE,Loose Ends: String Theory and the Quest for the Ultimate Theory,5323
2019-08-10,YSWd21z2qqE,Loose Ends: String Theory and the Quest for the Ultimate Theory,5432
2019-08-11,YSWd21z2qqE,Loose Ends: String Theory and the Quest for the Ultimate Theory,4827
2019-08-12,YSWd21z2qqE,Loose Ends: String Theory and the Quest for the Ultimate Theory,4197
2019-08-13,YSWd21z2qqE,Loose Ends: String Theory and the Quest for the Ultimate Theory,4116
2019-08-14,YSWd21z2qqE,Loose Ends: String Theory and the Quest for the Ultimate Theory,3747
2019-08-15,YSWd21z2qqE,Loose Ends: String Theory and the Quest for the Ultimate Theory,3393
2019-08-16,YSWd21z2qqE,Loose Ends: String Theory and the Quest for the Ultimate Theory,2650
2019-08-17,YSWd21z2qqE,Loose Ends: String Theory and the Quest for the Ultimate Theory,2260
2019-08-18,YSWd21z2qqE,Loose Ends: String Theory and the Quest for the Ultimate Theory,2564
2019-08-19,YSWd21z2qqE,Loose Ends: String Theory and the Quest for the Ultimate Theory,2919
2019-08-20,YSWd21z2qqE,Loose Ends: String Theory and the Quest for the Ultimate Theory,2321
2019-08-21,YSWd21z2qqE,Loose Ends: String Theory and the Quest for the Ultimate Theory,2099
2019-08-22,YSWd21z2qqE,Loose Ends: String Theory and the Quest for the Ultimate Theory,1901
2019-08-23,YSWd21z2qqE,Loose Ends: String Theory and the Quest for the Ultimate Theory,1657
2019-08-24,YSWd21z2qqE,Loose Ends: String Theory and the Quest for the Ultimate Theory,1780
2019-08-25,YSWd21z2qqE,Loose Ends: String Theory and the Quest for the Ultimate Theory,2273
2019-08-26,YSWd21z2qqE,Loose Ends: String Theory and the Quest for the Ultimate Theory,2307
2019-08-27,YSWd21z2qqE,Loose Ends: String Theory and the Quest for the Ultimate Theory,2865
2019-08-28,YSWd21z2qqE,Loose Ends: String Theory and the Quest for the Ultimate Theory,2661
2019-08-29,YSWd21z2qqE,Loose Ends: String Theory and the Quest for the Ultimate Theory,2177
2019-08-30,YSWd21z2qqE,Loose Ends: String Theory and the Quest for the Ultimate Theory,1893
2019-08-31,YSWd21z2qqE,Loose Ends: String Theory and the Quest for the Ultimate Theory,2069
2019-07-01,qMMgsjnI1is,The Matter Of Antimatter: Answering The Cosmic Riddle Of Existence,1744
2019-07-02,qMMgsjnI1is,The Matter Of Antimatter: Answering The Cosmic Riddle Of Existence,1507
2019-07-03,qMMgsjnI1is,The Matter Of Antimatter: Answering The Cosmic Riddle Of Existence,1255
2019-07-04,qMMgsjnI1is,The Matter Of Antimatter: Answering The Cosmic Riddle Of Existence,1248
2019-07-05,qMMgsjnI1is,The Matter Of Antimatter: Answering The Cosmic Riddle Of Existence,1306
2019-07-06,qMMgsjnI1is,The Matter Of Antimatter: Answering The Cosmic Riddle Of Existence,1388
2019-07-07,qMMgsjnI1is,The Matter Of Antimatter: Answering The Cosmic Riddle Of Existence,1815
2019-07-08,qMMgsjnI1is,The Matter Of Antimatter: Answering The Cosmic Riddle Of Existence,1813
2019-07-09,qMMgsjnI1is,The Matter Of Antimatter: Answering The Cosmic Riddle Of Existence,1440
2019-07-10,qMMgsjnI1is,The Matter Of Antimatter: Answering The Cosmic Riddle Of Existence,1373
2019-07-11,qMMgsjnI1is,The Matter Of Antimatter: Answering The Cosmic Riddle Of Existence,1493
2019-07-12,qMMgsjnI1is,The Matter Of Antimatter: Answering The Cosmic Riddle Of Existence,1161
2019-07-13,qMMgsjnI1is,The Matter Of Antimatter: Answering The Cosmic Riddle Of Existence,943
2019-07-14,qMMgsjnI1is,The Matter Of Antimatter: Answering The Cosmic Riddle Of Existence,1374
2019-07-15,qMMgsjnI1is,The Matter Of Antimatter: Answering The Cosmic Riddle Of Existence,1121
2019-07-16,qMMgsjnI1is,The Matter Of Antimatter: Answering The Cosmic Riddle Of Existence,1198
2019-07-17,qMMgsjnI1is,The Matter Of Antimatter: Answering The Cosmic Riddle Of Existence,1411
2019-07-18,qMMgsjnI1is,The Matter Of Antimatter: Answering The Cosmic Riddle Of Existence,1570
2019-07-19,qMMgsjnI1is,The Matter Of Antimatter: Answering The Cosmic Riddle Of Existence,1423
2019-07-20,qMMgsjnI1is,The Matter Of Antimatter: Answering The Cosmic Riddle Of Existence,1776
2019-07-21,qMMgsjnI1is,The Matter Of Antimatter: Answering The Cosmic Riddle Of Existence,1685
2019-07-22,qMMgsjnI1is,The Matter Of Antimatter: Answering The Cosmic Riddle Of Existence,1567
2019-07-23,qMMgsjnI1is,The Matter Of Antimatter: Answering The Cosmic Riddle Of Existence,1620
2019-07-24,qMMgsjnI1is,The Matter Of Antimatter: Answering The Cosmic Riddle Of Existence,1471
2019-07-25,qMMgsjnI1is,The Matter Of Antimatter: Answering The Cosmic Riddle Of Existence,1201
2019-07-26,qMMgsjnI1is,The Matter Of Antimatter: Answering The Cosmic Riddle Of Existence,1345
2019-07-27,qMMgsjnI1is,The Matter Of Antimatter: Answering The Cosmic Riddle Of Existence,1442
2019-07-28,qMMgsjnI1is,The Matter Of Antimatter: Answering The Cosmic Riddle Of Existence,1469
2019-07-29,qMMgsjnI1is,The Matter Of Antimatter: Answering The Cosmic Riddle Of Existence,1351
2019-07-30,qMMgsjnI1is,The Matter Of Antimatter: Answering The Cosmic Riddle Of Existence,1482
2019-07-31,qMMgsjnI1is,The Matter Of Antimatter: Answering The Cosmic Riddle Of Existence,1553
2019-08-01,qMMgsjnI1is,The Matter Of Antimatter: Answering The Cosmic Riddle Of Existence,1567
2019-08-02,qMMgsjnI1is,The Matter Of Antimatter: Answering The Cosmic Riddle Of Existence,1437
2019-08-03,qMMgsjnI1is,The Matter Of Antimatter: Answering The Cosmic Riddle Of Existence,1456
2019-08-04,qMMgsjnI1is,The Matter Of Antimatter: Answering The Cosmic Riddle Of Existence,1675
2019-08-05,qMMgsjnI1is,The Matter Of Antimatter: Answering The Cosmic Riddle Of Existence,1594
2019-08-06,qMMgsjnI1is,The Matter Of Antimatter: Answering The Cosmic Riddle Of Existence,1641
2019-08-07,qMMgsjnI1is,The Matter Of Antimatter: Answering The Cosmic Riddle Of Existence,1518
2019-08-08,qMMgsjnI1is,The Matter Of Antimatter: Answering The Cosmic Riddle Of Existence,1298
2019-08-09,qMMgsjnI1is,The Matter Of Antimatter: Answering The Cosmic Riddle Of Existence,991
2019-08-10,qMMgsjnI1is,The Matter Of Antimatter: Answering The Cosmic Riddle Of Existence,1192
2019-08-11,qMMgsjnI1is,The Matter Of Antimatter: Answering The Cosmic Riddle Of Existence,1370
2019-08-12,qMMgsjnI1is,The Matter Of Antimatter: Answering The Cosmic Riddle Of Existence,1302
2019-08-13,qMMgsjnI1is,The Matter Of Antimatter: Answering The Cosmic Riddle Of Existence,1152
2019-08-14,qMMgsjnI1is,The Matter Of Antimatter: Answering The Cosmic Riddle Of Existence,1184
2019-08-15,qMMgsjnI1is,The Matter Of Antimatter: Answering The Cosmic Riddle Of Existence,1006
2019-08-16,qMMgsjnI1is,The Matter Of Antimatter: Answering The Cosmic Riddle Of Existence,1054
2019-08-17,qMMgsjnI1is,The Matter Of Antimatter: Answering The Cosmic Riddle Of Existence,1245
2019-08-18,qMMgsjnI1is,The Matter Of Antimatter: Answering The Cosmic Riddle Of Existence,1454
2019-08-19,qMMgsjnI1is,The Matter Of Antimatter: Answering The Cosmic Riddle Of Existence,1328
2019-08-20,qMMgsjnI1is,The Matter Of Antimatter: Answering The Cosmic Riddle Of Existence,1360
2019-08-21,qMMgsjnI1is,The Matter Of Antimatter: Answering The Cosmic Riddle Of Existence,1136
2019-08-22,qMMgsjnI1is,The Matter Of Antimatter: Answering The Cosmic Riddle Of Existence,956
2019-08-23,qMMgsjnI1is,The Matter Of Antimatter: Answering The Cosmic Riddle Of Existence,883
2019-08-24,qMMgsjnI1is,The Matter Of Antimatter: Answering The Cosmic Riddle Of Existence,946
2019-08-25,qMMgsjnI1is,The Matter Of Antimatter: Answering The Cosmic Riddle Of Existence,1260
2019-08-26,qMMgsjnI1is,The Matter Of Antimatter: Answering The Cosmic Riddle Of Existence,1150
2019-08-27,qMMgsjnI1is,The Matter Of Antimatter: Answering The Cosmic Riddle Of Existence,1237
2019-08-28,qMMgsjnI1is,The Matter Of Antimatter: Answering The Cosmic Riddle Of Existence,942
2019-08-29,qMMgsjnI1is,The Matter Of Antimatter: Answering The Cosmic Riddle Of Existence,1108
2019-08-30,qMMgsjnI1is,The Matter Of Antimatter: Answering The Cosmic Riddle Of Existence,1061
2019-08-31,qMMgsjnI1is,The Matter Of Antimatter: Answering The Cosmic Riddle Of Existence,1127
